Glucose,BloodPressure,BMI,Age,Insulin,Outcome
117.0,62.0,29.7,30,125.0,1
187.0,68.0,37.7,41,304.0,1
105.0,100.0,43.3,45,125.0,1
108.0,66.0,32.4,42,125.0,1
132.0,78.0,32.4,21,125.0,0
187.0,70.0,36.4,36,200.0,1
129.0,92.0,36.4,32,155.0,1
147.0,94.0,49.3,27,125.0,1
136.0,84.0,28.3,42,130.0,1
119.0,72.0,25.2,37,125.0,0
194.0,78.0,23.5,59,125.0,1
111.0,64.0,34.2,24,125.0,0
121.0,52.0,36.0,25,125.0,1
158.0,76.0,31.6,28,245.0,1
163.0,70.0,31.6,28,105.0,1
167.0,106.0,37.6,43,231.0,1
119.0,72.0,19.6,72,125.0,0
125.0,78.0,27.6,49,125.0,1
144.0,82.0,38.5,37,125.0,1
84.0,72.0,37.2,28,125.0,0
124.0,74.0,34.0,38,125.0,1
108.0,62.0,25.3,22,278.0,0
154.0,72.0,31.3,37,126.0,0
115.0,72.0,32.3,30,125.0,1
122.0,86.0,34.7,33,125.0,0
107.0,72.0,30.8,24,82.0,0
109.0,56.0,25.2,23,135.0,0
115.0,98.0,52.9,28,125.0,1
134.0,72.0,23.8,60,125.0,1
129.0,68.0,38.5,43,125.0,1
77.0,56.0,33.3,24,56.0,0
87.0,78.0,34.6,22,32.0,0
133.0,72.0,32.9,39,125.0,1
93.0,70.0,30.4,23,125.0,0
92.0,62.0,32.0,46,126.0,0
157.0,72.0,25.6,24,168.0,0
170.0,74.0,44.0,43,125.0,1
155.0,76.0,33.3,51,150.0,1
155.0,76.0,33.3,51,150.0,1
144.0,72.0,33.9,40,228.0,0
91.0,62.0,27.3,22,125.0,0
90.0,70.0,27.3,22,125.0,0
99.0,68.0,32.8,33,125.0,0
95.0,85.0,37.4,24,36.0,1
137.0,84.0,27.3,59,125.0,0
120.0,74.0,30.5,26,63.0,0
136.0,84.0,28.3,42,130.0,1
169.0,74.0,29.9,31,125.0,1
165.0,68.0,33.6,49,168.0,0
196.0,76.0,37.5,57,280.0,1
189.0,64.0,31.2,29,325.0,1
124.0,74.0,34.0,38,125.0,1
115.0,64.0,30.8,21,125.0,0
151.0,90.0,42.1,21,125.0,1
71.0,70.0,28.0,22,125.0,0
100.0,88.0,46.8,31,110.0,0
117.0,62.0,29.7,30,125.0,1
145.0,82.0,22.2,57,110.0,0
88.0,74.0,35.3,48,54.0,0
115.0,98.0,52.9,28,125.0,1
119.0,66.0,38.8,22,125.0,0
107.0,68.0,26.5,24,125.0,0
173.0,70.0,29.7,33,168.0,1
117.0,68.0,32.0,22,125.0,0
179.0,50.0,37.8,22,159.0,1
140.0,82.0,39.2,58,325.0,1
104.0,72.0,31.2,38,125.0,1
129.0,62.0,41.2,38,125.0,1
83.0,58.0,34.3,25,18.0,0
183.0,64.0,23.3,32,125.0,1
148.0,66.0,32.5,22,125.0,0
106.0,76.0,37.5,26,125.0,0
115.0,76.0,31.2,44,125.0,1
78.0,50.0,31.0,26,88.0,1
97.0,64.0,36.8,25,100.0,0
115.0,98.0,24.0,34,125.0,0
183.0,64.0,23.3,32,125.0,1
146.0,85.0,28.9,27,100.0,0
123.0,62.0,32.0,35,125.0,1
173.0,78.0,46.5,58,265.0,0
144.0,82.0,32.0,58,285.0,1
85.0,65.0,39.6,27,125.0,0
100.0,72.0,25.3,28,70.0,0
126.0,56.0,28.7,21,152.0,0
117.0,90.0,25.2,21,71.0,0
104.0,72.0,31.2,38,125.0,1
115.0,60.0,33.7,40,125.0,1
174.0,88.0,44.5,24,120.0,1
122.0,90.0,49.7,31,220.0,1
91.0,68.0,24.2,58,125.0,0
100.0,76.0,38.7,42,125.0,0
107.0,50.0,28.3,29,125.0,0
130.0,70.0,34.2,45,125.0,1
61.0,82.0,34.4,46,125.0,0
179.0,90.0,44.1,23,125.0,1
112.0,80.0,34.8,24,132.0,0
147.0,76.0,39.4,43,125.0,1
128.0,78.0,21.1,55,125.0,0
151.0,60.0,26.1,22,125.0,0
129.0,68.0,38.5,43,125.0,1
128.0,48.0,40.5,24,194.0,1
88.0,78.0,32.0,29,76.0,0
125.0,70.0,28.9,45,122.0,1
97.0,68.0,27.2,22,125.0,0
80.0,82.0,34.2,27,70.0,1
170.0,64.0,34.5,30,225.0,1
129.0,92.0,36.4,32,155.0,1
186.0,90.0,34.5,37,225.0,1
122.0,78.0,23.0,40,125.0,0
158.0,76.0,31.6,28,245.0,1
115.0,76.0,31.2,44,125.0,1
131.0,88.0,31.6,32,125.0,1
100.0,74.0,39.4,43,215.0,1
124.0,68.0,32.9,30,205.0,1
129.0,80.0,31.2,29,125.0,0
101.0,58.0,21.8,22,90.0,0
126.0,84.0,30.7,24,215.0,0
125.0,78.0,27.6,49,125.0,1
125.0,78.0,27.6,49,125.0,1
144.0,82.0,41.3,28,125.0,0
125.0,76.0,33.8,54,125.0,1
157.0,74.0,39.4,30,440.0,0
101.0,86.0,45.6,38,125.0,1
102.0,64.0,40.6,21,78.0,0
109.0,60.0,25.4,21,182.0,0
114.0,64.0,27.4,34,125.0,1
119.0,72.0,32.4,24,125.0,1
101.0,58.0,24.2,23,265.0,0
147.0,94.0,49.3,27,125.0,1
123.0,62.0,32.0,35,125.0,1
129.0,110.0,67.1,26,130.0,1
95.0,85.0,37.4,24,36.0,1
89.0,74.0,30.4,38,85.0,0
168.0,88.0,38.2,40,321.0,1
165.0,88.0,30.4,49,125.0,1
80.0,55.0,19.1,21,125.0,0
141.0,74.0,27.6,40,125.0,0
99.0,62.0,21.8,26,74.0,0
103.0,80.0,19.4,22,82.0,0
76.0,62.0,34.0,25,125.0,0
62.0,78.0,32.6,41,125.0,0
82.0,70.0,21.1,25,125.0,0
173.0,74.0,36.8,38,125.0,1
100.0,54.0,37.8,24,105.0,0
100.0,78.0,36.6,46,184.0,1
112.0,66.0,37.8,41,125.0,1
140.0,82.0,39.2,58,325.0,1
116.0,72.0,22.1,37,87.0,0
102.0,86.0,45.5,23,120.0,1
96.0,78.0,37.3,40,125.0,0
146.0,70.0,28.0,29,360.0,1
111.0,56.0,30.1,30,125.0,0
124.0,72.0,27.6,29,125.0,1
123.0,74.0,34.1,28,77.0,0
178.0,84.0,39.9,41,125.0,1
80.0,80.0,39.8,28,125.0,0
194.0,80.0,26.1,67,125.0,0
146.0,78.0,38.5,67,125.0,1
92.0,62.0,31.6,24,125.0,0
136.0,70.0,37.1,43,110.0,1
188.0,82.0,32.0,22,185.0,1
131.0,88.0,31.6,32,125.0,1
151.0,70.0,41.8,38,271.0,1
145.0,88.0,30.3,53,165.0,1
143.0,94.0,36.6,51,146.0,1
182.0,74.0,30.5,29,125.0,1
114.0,64.0,28.9,24,125.0,0
155.0,76.0,33.3,51,150.0,1
166.0,74.0,26.6,66,125.0,0
83.0,65.0,36.8,24,66.0,0
97.0,70.0,38.1,30,125.0,0
106.0,56.0,29.0,22,165.0,0
111.0,90.0,28.4,29,78.0,0
124.0,74.0,34.0,38,125.0,1
109.0,58.0,28.5,22,116.0,0
103.0,68.0,46.2,42,125.0,0
143.0,84.0,42.4,22,310.0,0
94.0,68.0,26.0,21,76.0,0
108.0,66.0,32.4,42,125.0,1
145.0,88.0,30.3,53,165.0,1
88.0,58.0,28.4,22,16.0,0
113.0,64.0,33.6,21,125.0,1
119.0,44.0,35.5,25,63.0,0
188.0,78.0,47.9,43,125.0,1
139.0,54.0,25.6,22,125.0,1
142.0,60.0,28.8,61,190.0,0
116.0,70.0,27.4,21,125.0,0
87.0,68.0,37.6,24,77.0,0
151.0,78.0,42.9,36,210.0,1
113.0,76.0,33.3,23,125.0,1
196.0,76.0,37.5,57,280.0,1
161.0,68.0,25.5,47,132.0,1
155.0,52.0,38.7,25,540.0,1
179.0,70.0,35.1,37,125.0,0
139.0,46.0,28.7,22,83.0,0
108.0,64.0,30.8,21,125.0,0
129.0,90.0,19.6,60,326.0,0
95.0,74.0,25.9,36,73.0,0
145.0,88.0,30.3,53,165.0,1
132.0,80.0,26.8,69,125.0,0
73.0,50.0,23.0,21,125.0,0
123.0,72.0,36.3,52,125.0,1
183.0,64.0,23.3,32,125.0,1
144.0,82.0,46.1,46,180.0,1
129.0,62.0,41.2,38,125.0,1
119.0,80.0,29.0,29,125.0,1
128.0,64.0,40.0,24,125.0,0
105.0,80.0,33.7,29,191.0,1
89.0,62.0,22.5,33,125.0,0
109.0,80.0,35.9,43,125.0,1
81.0,72.0,26.6,24,40.0,0
197.0,70.0,36.7,31,744.0,0
170.0,64.0,34.5,30,225.0,1
184.0,85.0,30.0,49,125.0,1
156.0,86.0,34.3,42,155.0,1
76.0,60.0,32.8,41,125.0,0
121.0,66.0,34.3,33,165.0,1
72.0,78.0,31.6,38,125.0,0
155.0,52.0,38.7,25,540.0,1
124.0,68.0,32.9,30,205.0,1
84.0,82.0,38.2,23,125.0,0
145.0,82.0,32.5,70,125.0,1
124.0,70.0,27.4,36,125.0,1
83.0,78.0,29.3,36,71.0,0
173.0,78.0,33.8,31,185.0,1
116.0,74.0,25.6,30,125.0,0
156.0,86.0,34.3,42,155.0,1
84.0,90.0,39.5,25,56.0,0
193.0,70.0,34.9,25,125.0,1
108.0,66.0,32.4,42,125.0,1
86.0,66.0,41.3,29,65.0,0
112.0,82.0,34.2,36,175.0,1
95.0,60.0,35.4,28,125.0,0
155.0,62.0,34.0,46,495.0,1
84.0,72.0,32.3,21,125.0,0
146.0,82.0,40.5,44,125.0,0
122.0,52.0,36.2,28,158.0,0
125.0,50.0,33.3,28,167.0,1
113.0,50.0,29.5,25,85.0,0
68.0,70.0,25.0,25,66.0,0
115.0,72.0,35.3,29,125.0,0
95.0,60.0,23.9,22,58.0,0
128.0,72.0,32.4,27,190.0,1
156.0,86.0,34.3,42,155.0,1
139.0,62.0,40.7,21,480.0,0
110.0,66.0,31.9,29,125.0,0
120.0,54.0,26.8,27,125.0,0
107.0,74.0,33.6,23,100.0,0
100.0,70.0,30.8,21,50.0,0
71.0,62.0,21.8,26,125.0,0
96.0,68.0,21.1,26,49.0,0
173.0,84.0,35.7,22,474.0,1
122.0,56.0,33.3,33,125.0,1
148.0,60.0,30.9,29,318.0,1
111.0,62.0,24.0,23,182.0,0
130.0,60.0,28.6,21,170.0,0
105.0,84.0,27.9,62,125.0,1
145.0,88.0,30.3,53,165.0,1
123.0,72.0,36.3,52,125.0,1
139.0,80.0,27.1,57,125.0,0
158.0,114.0,42.3,44,125.0,1
126.0,78.0,29.6,40,22.0,0
136.0,74.0,37.4,24,204.0,0
80.0,74.0,30.0,22,60.0,0
114.0,88.0,27.8,66,125.0,0
173.0,84.0,35.7,22,474.0,1
117.0,62.0,29.7,30,125.0,1
109.0,60.0,25.0,27,125.0,0
187.0,70.0,36.4,36,200.0,1
121.0,78.0,26.5,62,125.0,0
121.0,78.0,39.0,28,74.0,0
117.0,74.0,27.7,21,23.0,0
105.0,80.0,33.7,29,191.0,1
123.0,48.0,42.1,26,165.0,0
129.0,92.0,36.4,32,155.0,1
97.0,66.0,23.2,22,140.0,0
129.0,60.0,27.5,31,231.0,0
184.0,85.0,30.0,49,125.0,1
84.0,74.0,38.3,39,125.0,0
102.0,76.0,32.9,46,125.0,1
136.0,70.0,37.1,43,110.0,1
135.0,68.0,42.3,24,250.0,1
125.0,70.0,24.3,25,110.0,0
124.0,56.0,21.8,21,105.0,0
95.0,72.0,36.8,57,125.0,0
155.0,76.0,33.3,51,150.0,1
84.0,64.0,36.9,28,115.0,0
129.0,74.0,33.2,25,205.0,0
81.0,86.0,27.5,22,66.0,0
109.0,64.0,34.8,26,99.0,1
116.0,74.0,32.3,35,125.0,1
131.0,88.0,31.6,32,125.0,1
161.0,86.0,30.4,47,125.0,1
158.0,64.0,31.2,24,387.0,0
110.0,76.0,27.8,58,125.0,0
94.0,72.0,23.1,56,125.0,0
119.0,86.0,45.6,29,220.0,1
117.0,60.0,33.8,27,106.0,0
126.0,88.0,39.3,27,235.0,0
129.0,84.0,28.0,27,125.0,0
151.0,70.0,41.8,38,271.0,1
99.0,58.0,25.4,21,125.0,0
126.0,86.0,27.4,21,120.0,0
128.0,70.0,34.3,24,125.0,0
129.0,62.0,41.2,38,125.0,1
166.0,72.0,25.8,51,175.0,1
124.0,80.0,33.2,26,130.0,0
133.0,72.0,32.9,39,125.0,1
95.0,85.0,37.4,24,36.0,1
102.0,86.0,45.5,23,120.0,1
102.0,74.0,39.5,42,125.0,1
90.0,68.0,38.2,27,125.0,1
117.0,88.0,34.5,40,145.0,1
156.0,86.0,34.3,42,155.0,1
136.0,82.0,32.3,69,125.0,0
107.0,80.0,24.6,34,125.0,0
118.0,64.0,32.3,21,89.0,0
131.0,68.0,33.1,28,166.0,0
131.0,72.0,43.2,26,125.0,1
126.0,88.0,38.5,49,108.0,0
120.0,70.0,42.9,30,135.0,0
91.0,70.0,33.1,22,88.0,0
132.0,86.0,28.0,63,125.0,0
155.0,74.0,26.6,27,96.0,1
117.0,62.0,29.7,30,125.0,1
109.0,80.0,35.9,43,125.0,1
122.0,60.0,29.8,22,106.0,0
102.0,44.0,30.8,26,94.0,0
148.0,60.0,30.9,29,318.0,1
147.0,85.0,42.8,24,125.0,0
105.0,100.0,43.3,45,125.0,1
89.0,90.0,33.5,42,125.0,0
108.0,70.0,30.5,33,125.0,1
144.0,58.0,31.6,25,135.0,1
85.0,66.0,26.6,31,125.0,0
81.0,72.0,30.1,25,76.0,0
193.0,70.0,34.9,25,125.0,1
100.0,74.0,39.4,43,215.0,1
131.0,72.0,43.2,26,125.0,1
134.0,80.0,46.2,46,370.0,1
175.0,88.0,22.9,22,125.0,0
112.0,86.0,38.4,28,160.0,0
104.0,64.0,27.8,23,116.0,0
113.0,80.0,31.0,21,125.0,0
124.0,74.0,27.8,30,125.0,0
100.0,74.0,19.5,28,46.0,0
112.0,82.0,28.2,50,125.0,1
184.0,85.0,30.0,49,125.0,1
108.0,52.0,32.5,22,63.0,0
136.0,84.0,28.3,42,130.0,1
78.0,88.0,36.9,21,40.0,0
117.0,64.0,33.2,24,120.0,0
114.0,64.0,27.4,34,125.0,1
144.0,58.0,29.5,37,140.0,0
74.0,52.0,27.8,22,36.0,0
96.0,64.0,33.2,21,87.0,0
114.0,76.0,23.8,31,110.0,0
103.0,72.0,27.6,27,152.0,0
139.0,62.0,22.1,21,210.0,0
122.0,68.0,35.0,29,125.0,0
90.0,72.0,28.0,31,125.0,0
131.0,72.0,43.2,26,125.0,1
125.0,68.0,30.0,32,120.0,0
130.0,64.0,23.1,22,125.0,0
96.0,74.0,33.6,43,67.0,0
150.0,66.0,34.7,42,342.0,0
101.0,86.0,45.6,38,125.0,1
112.0,68.0,34.1,26,94.0,0
123.0,72.0,33.6,34,230.0,0
179.0,50.0,37.8,22,159.0,1
71.0,78.0,33.2,21,45.0,0
115.0,76.0,31.2,44,125.0,1
101.0,76.0,35.7,26,125.0,0
114.0,74.0,24.9,57,125.0,0
103.0,30.0,43.3,33,83.0,0
125.0,70.0,31.1,41,115.0,1
92.0,52.0,30.1,22,125.0,0
78.0,48.0,33.7,25,125.0,0
117.0,68.0,39.0,41,125.0,1
172.0,68.0,42.4,28,579.0,1
90.0,62.0,25.1,25,59.0,0
74.0,68.0,29.7,23,45.0,0
129.0,110.0,67.1,26,130.0,1
93.0,100.0,43.4,35,72.0,0
90.0,78.0,42.7,21,125.0,0
132.0,80.0,34.4,44,125.0,1
146.0,72.0,27.5,28,125.0,1
81.0,60.0,27.7,25,125.0,0
134.0,70.0,28.9,23,125.0,1
93.0,64.0,38.0,23,160.0,1
112.0,72.0,23.6,58,125.0,0
129.0,86.0,35.1,23,270.0,0
174.0,88.0,44.5,24,120.0,1
120.0,68.0,29.6,34,125.0,0
167.0,106.0,37.6,43,231.0,1
123.0,80.0,32.0,34,176.0,0
92.0,76.0,24.2,28,125.0,0
123.0,100.0,57.3,22,240.0,0
130.0,70.0,34.2,45,125.0,1
130.0,78.0,28.4,34,79.0,1
105.0,72.0,32.3,24,125.0,0
102.0,74.0,29.5,32,125.0,0
136.0,70.0,37.1,43,110.0,1
141.0,72.0,42.4,29,125.0,1
162.0,76.0,53.2,25,100.0,1
102.0,82.0,30.8,36,125.0,1
140.0,82.0,39.2,58,325.0,1
97.0,64.0,18.2,21,82.0,0
110.0,74.0,32.4,27,125.0,0
112.0,82.0,28.2,50,125.0,1
111.0,72.0,37.1,56,207.0,1
57.0,60.0,21.7,67,125.0,0
127.0,46.0,34.4,22,335.0,0
120.0,78.0,25.0,64,125.0,0
77.0,82.0,35.8,35,42.0,0
85.0,55.0,24.4,42,125.0,0
171.0,110.0,45.4,54,240.0,1
180.0,78.0,59.4,25,14.0,1
79.0,80.0,25.4,22,37.0,0
109.0,80.0,35.9,43,125.0,1
112.0,75.0,35.7,21,125.0,0
114.0,66.0,32.8,42,125.0,1
91.0,68.0,39.9,25,210.0,0
154.0,78.0,46.1,27,140.0,0
105.0,80.0,32.5,26,125.0,0
123.0,70.0,33.1,40,94.0,0
151.0,62.0,35.5,28,120.0,0
87.0,58.0,32.7,25,52.0,0
154.0,78.0,30.9,45,100.0,0
96.0,56.0,24.7,39,115.0,0
111.0,60.0,26.2,23,125.0,0
140.0,82.0,39.2,58,325.0,1
136.0,84.0,28.3,42,130.0,1
129.0,92.0,36.4,32,155.0,1
139.0,80.0,31.6,25,160.0,1
128.0,88.0,36.5,37,110.0,1
103.0,72.0,37.7,55,190.0,0
104.0,64.0,33.6,22,64.0,1
117.0,96.0,28.7,30,125.0,0
128.0,88.0,36.5,37,110.0,1
131.0,66.0,34.3,22,125.0,1
122.0,56.0,33.3,33,125.0,1
179.0,72.0,32.7,36,130.0,1
90.0,62.0,27.2,24,43.0,0
156.0,86.0,24.8,53,125.0,1
114.0,64.0,27.4,34,125.0,1
156.0,86.0,24.8,53,125.0,1
146.0,72.0,27.5,28,125.0,1
141.0,72.0,30.0,27,125.0,1
122.0,64.0,35.1,30,156.0,1
123.0,62.0,32.0,35,125.0,1
120.0,86.0,28.4,22,125.0,1
112.0,78.0,39.4,24,140.0,0
124.0,76.0,28.7,52,600.0,1
141.0,72.0,30.0,27,125.0,1
139.0,75.0,25.6,29,125.0,0
115.0,60.0,33.7,40,125.0,1
68.0,106.0,35.5,47,49.0,0
101.0,76.0,32.9,63,180.0,0
79.0,60.0,43.5,23,48.0,0
130.0,78.0,28.4,34,79.0,1
98.0,82.0,25.2,22,84.0,0
193.0,70.0,34.9,25,125.0,1
173.0,82.0,38.4,25,465.0,1
121.0,66.0,34.3,33,165.0,1
130.0,96.0,22.6,21,125.0,0
131.0,88.0,31.6,32,125.0,1
147.0,80.0,29.5,50,125.0,1
87.0,60.0,37.2,22,75.0,0
133.0,102.0,32.8,45,140.0,1
194.0,78.0,23.5,59,125.0,1
154.0,74.0,29.3,39,193.0,0
146.0,70.0,28.0,29,360.0,1
125.0,68.0,24.7,21,125.0,0
128.0,72.0,32.4,27,190.0,1
144.0,82.0,38.5,37,125.0,1
88.0,62.0,29.9,23,44.0,0
119.0,88.0,45.3,26,170.0,0
105.0,84.0,27.9,62,125.0,1
80.0,82.0,34.2,27,70.0,1
121.0,66.0,34.3,33,165.0,1
135.0,54.0,26.7,62,125.0,0
143.0,86.0,30.1,23,330.0,0
103.0,66.0,24.3,29,125.0,0
147.0,74.0,34.9,30,293.0,0
168.0,74.0,38.0,34,125.0,1
105.0,100.0,43.3,45,125.0,1
117.0,86.0,39.1,42,105.0,0
105.0,90.0,29.6,46,125.0,0
146.0,72.0,27.5,28,125.0,1
173.0,84.0,35.7,22,474.0,1
117.0,80.0,41.0,37,125.0,1
155.0,76.0,33.3,51,150.0,1
131.0,66.0,34.3,22,125.0,1
179.0,72.0,32.7,36,130.0,1
100.0,72.0,30.0,32,125.0,1
102.0,82.0,30.8,36,125.0,1
126.0,60.0,30.1,47,125.0,1
158.0,114.0,42.3,44,125.0,1
173.0,74.0,36.8,38,125.0,1
117.0,62.0,29.7,30,125.0,1
165.0,88.0,30.4,49,125.0,1
158.0,78.0,32.9,31,125.0,1
93.0,60.0,28.7,22,92.0,0
100.0,66.0,32.0,42,196.0,0
122.0,90.0,49.7,31,220.0,1
114.0,68.0,28.7,25,125.0,0
148.0,84.0,37.6,51,237.0,1
141.0,58.0,25.4,24,128.0,0
132.0,80.0,34.4,44,125.0,1
106.0,70.0,34.2,52,125.0,0
147.0,80.0,29.5,50,125.0,1
167.0,72.0,32.3,30,125.0,1
141.0,72.0,30.0,27,125.0,1
176.0,86.0,33.3,52,156.0,1
167.0,74.0,23.4,33,144.0,1
163.0,72.0,39.0,33,125.0,1
147.0,78.0,33.7,65,125.0,0
197.0,74.0,25.9,39,125.0,1
119.0,54.0,22.3,24,50.0,0
136.0,70.0,37.1,43,110.0,1
111.0,70.0,27.5,40,125.0,1
154.0,78.0,32.4,45,125.0,1
129.0,72.0,38.5,41,125.0,0
130.0,78.0,28.4,34,79.0,1
164.0,84.0,30.8,32,125.0,1
117.0,72.0,33.8,44,125.0,0
108.0,88.0,27.1,24,125.0,0
112.0,74.0,31.6,25,125.0,1
152.0,82.0,41.5,27,272.0,0
156.0,86.0,34.3,42,155.0,1
104.0,72.0,31.2,38,125.0,1
137.0,84.0,31.2,30,125.0,0
110.0,92.0,37.6,30,125.0,0
175.0,62.0,33.6,38,125.0,1
135.0,68.0,42.3,24,250.0,1
103.0,66.0,39.1,31,125.0,1
173.0,84.0,35.7,22,474.0,1
199.0,76.0,42.9,22,125.0,1
162.0,62.0,24.3,50,125.0,1
165.0,88.0,30.4,49,125.0,1
118.0,80.0,42.9,21,125.0,1
114.0,65.0,21.9,37,125.0,0
108.0,80.0,27.0,52,125.0,1
122.0,64.0,35.1,30,156.0,1
136.0,70.0,31.2,22,125.0,1
183.0,94.0,40.8,45,125.0,0
158.0,84.0,39.4,29,210.0,1
113.0,44.0,22.4,22,125.0,0
105.0,64.0,41.5,22,142.0,0
176.0,90.0,33.7,58,300.0,1
140.0,82.0,39.2,58,325.0,1
105.0,70.0,30.8,37,68.0,0
179.0,95.0,34.2,60,125.0,0
88.0,66.0,24.4,30,23.0,0
107.0,74.0,29.6,31,125.0,1
105.0,58.0,34.9,25,94.0,0
81.0,74.0,46.3,32,57.0,0
168.0,64.0,32.9,41,125.0,1
108.0,44.0,24.0,35,130.0,0
88.0,78.0,27.6,37,125.0,0
104.0,74.0,28.8,48,125.0,0
92.0,62.0,27.6,44,258.0,1
109.0,38.0,23.1,26,120.0,0
197.0,70.0,30.5,53,543.0,1
121.0,72.0,26.2,30,112.0,0
100.0,66.0,23.6,26,56.0,0
93.0,50.0,28.7,23,64.0,0
114.0,66.0,38.1,21,200.0,0
123.0,62.0,32.0,35,125.0,1
99.0,70.0,20.4,27,44.0,0
134.0,70.0,28.9,23,125.0,1
104.0,74.0,29.9,41,156.0,1
136.0,84.0,35.0,35,88.0,1
181.0,64.0,34.1,38,180.0,1
125.0,96.0,22.5,21,125.0,0
146.0,70.0,37.9,28,125.0,1
92.0,92.0,19.9,28,125.0,0
90.0,80.0,24.4,24,55.0,0
139.0,64.0,28.6,26,140.0,0
137.0,90.0,32.0,39,125.0,0
133.0,68.0,27.0,36,125.0,0
150.0,76.0,21.0,37,125.0,0
122.0,64.0,35.1,30,156.0,1
92.0,80.0,42.2,29,125.0,0
163.0,70.0,31.6,28,105.0,1
106.0,72.0,36.6,45,125.0,0
146.0,92.0,31.2,61,125.0,1
87.0,60.0,21.8,21,125.0,0
172.0,68.0,42.4,28,579.0,1
186.0,90.0,34.5,37,225.0,1
109.0,76.0,27.9,31,114.0,1
137.0,70.0,33.2,22,125.0,0
156.0,86.0,24.8,53,125.0,1
101.0,62.0,21.9,25,125.0,0
187.0,76.0,43.6,53,207.0,1
110.0,76.0,28.4,27,100.0,0
90.0,60.0,23.5,25,125.0,0
143.0,66.0,34.9,41,125.0,1
156.0,75.0,48.3,32,125.0,1
184.0,85.0,30.0,49,125.0,1
140.0,85.0,37.4,41,125.0,0
118.0,72.0,23.1,46,125.0,0
191.0,68.0,30.9,34,130.0,0
168.0,88.0,38.2,40,321.0,1
120.0,72.0,30.0,38,125.0,1
106.0,72.0,25.8,27,125.0,0
155.0,76.0,33.3,51,150.0,1
141.0,84.0,32.4,22,125.0,0
152.0,90.0,26.8,43,29.0,1
152.0,90.0,26.8,43,29.0,1
114.0,80.0,44.2,27,285.0,0
194.0,68.0,35.9,41,125.0,1
67.0,76.0,45.3,46,125.0,0
89.0,66.0,28.1,21,94.0,0
160.0,54.0,30.5,39,175.0,1
144.0,82.0,32.0,58,285.0,1
130.0,70.0,34.2,45,125.0,1
118.0,58.0,33.3,23,94.0,0
165.0,76.0,47.9,26,255.0,0
44.0,62.0,25.0,36,125.0,0
120.0,72.0,30.0,38,125.0,1
142.0,86.0,44.0,22,125.0,1
91.0,54.0,25.2,23,100.0,0
121.0,70.0,39.1,23,95.0,0
99.0,60.0,26.9,32,54.0,0
154.0,62.0,32.8,23,284.0,0
116.0,74.0,26.3,24,105.0,0
184.0,78.0,37.0,31,277.0,1
119.0,80.0,29.0,29,125.0,1
91.0,72.0,29.8,31,125.0,0
95.0,85.0,37.4,24,36.0,1
100.0,68.0,31.6,28,81.0,0
88.0,58.0,24.8,22,54.0,0
110.0,68.0,26.0,30,125.0,0
111.0,70.0,27.5,40,125.0,1
82.0,52.0,28.5,25,115.0,0
83.0,66.0,32.2,22,50.0,0
102.0,52.0,25.1,21,125.0,0
158.0,90.0,31.6,66,125.0,1
134.0,70.0,28.9,23,125.0,1
146.0,70.0,28.0,29,360.0,1
131.0,88.0,31.6,32,125.0,1
99.0,60.0,36.6,21,160.0,0
124.0,70.0,27.4,36,125.0,1
90.0,68.0,38.2,27,125.0,1
134.0,80.0,46.2,46,370.0,1
131.0,64.0,23.7,21,415.0,0
166.0,72.0,25.8,51,175.0,1
126.0,60.0,30.1,47,125.0,1
155.0,62.0,34.0,46,495.0,1
102.0,86.0,45.5,23,120.0,1
137.0,68.0,24.8,21,148.0,0
134.0,70.0,28.9,23,125.0,1
173.0,84.0,35.7,22,474.0,1
116.0,78.0,36.1,25,180.0,0
105.0,100.0,43.3,45,125.0,1
193.0,70.0,34.9,25,125.0,1
142.0,82.0,24.7,21,64.0,0
112.0,78.0,39.4,38,125.0,0
130.0,78.0,28.4,34,79.0,1
93.0,64.0,38.0,23,160.0,1
147.0,80.0,29.5,50,125.0,1
102.0,90.0,35.7,28,125.0,0
159.0,64.0,27.4,40,125.0,0
80.0,72.0,32.3,22,125.0,0
122.0,76.0,35.9,26,200.0,0
193.0,50.0,25.9,24,375.0,0
95.0,80.0,36.5,26,92.0,0
124.0,72.0,27.6,29,125.0,1
106.0,70.0,39.4,22,148.0,0
73.0,72.0,21.1,25,125.0,0
197.0,70.0,30.5,53,543.0,1
94.0,65.0,24.7,21,125.0,0
108.0,62.0,26.0,25,125.0,0
107.0,76.0,45.3,24,125.0,0
100.0,78.0,36.6,46,184.0,1
99.0,72.0,25.6,28,125.0,0
104.0,64.0,33.6,22,64.0,1
111.0,72.0,23.9,27,125.0,0
173.0,84.0,35.7,22,474.0,1
151.0,78.0,42.9,36,210.0,1
153.0,82.0,40.6,23,485.0,0
78.0,70.0,32.5,39,125.0,0
105.0,72.0,36.9,28,325.0,0
118.0,70.0,44.5,26,125.0,0
125.0,86.0,37.6,51,125.0,0
116.0,72.0,23.5,23,125.0,0
134.0,58.0,26.4,21,291.0,0
111.0,62.0,22.6,21,125.0,0
168.0,88.0,35.0,52,125.0,1
106.0,92.0,22.7,48,125.0,0
166.0,72.0,25.8,51,175.0,1
89.0,76.0,31.2,23,37.0,0
100.0,64.0,29.7,21,125.0,0
147.0,75.0,29.9,28,125.0,0
97.0,76.0,35.6,52,125.0,1
162.0,84.0,27.7,54,125.0,0
88.0,74.0,29.0,22,53.0,0
